term,count
skills,1609
work,1386
ability,1290
knowledge,875
years,823
business,812
required,783
including,710
requirements,699
strong,663
related,619
working,502
position,466
responsibilities,447
environment,437
maintain,428
ensure,425
able,383
preferred,382
job,380
include,335
company,329
plus,322
minimum,264
candidate,262
key,221
technology,221
brand,220
service,218
practices,217
understand,217
level,216
adobe,214
guides,211
staff,210
needs,209
best,208
specifications,204
assigned,202
managing,202
effectively,201
appropriate,198
equivalent,198
site,198
relevant,196
solutions,195
campaigns,193
programs,193
matter,192
clients,191
highly,189
bachelorâ€™s,188
communicate,187
website,186
computer,185
platforms,185
maintenance,181
plans,181
activities,180
customers,180
experts,180
identify,179
material,179
looking,176
seeking,176
existing,175
external,172
tasks,172
current,170
complex,169
specialist,169
attention,168
corporate,168
fast,165
independently,165
control,163
plan,163
variety,162
members,160
program,160
guidelines,159
coordinate,157
perform,156
planning,156
powerpoint,156
public,156
self,155
lead,153
changes,152
closely,152
deliverables,152
following,152
opportunities,152
organizational,151
proven,151
strategies,150
effective,149
demonstrated,148
functional,148
community,145
journalism,145
channels,144
compliance,144
editorial,144
creation,143
results,143
technologies,143
oriented,141
individual,140
department,139
facebook,139
html,139
publications,139
proficient,138
test,138
clinical,137
senior,136
accuracy,135
analyze,135
paced,135
managers,134
problem,134
reviews,134
collaborate,133
essential,133
implement,133
operations,133
basic,132
issues,132
necessary,132
specific,132
users,132
produce,131
familiarity,130
proficiency,130
graphics,129
analytical,128
sites,128
areas,127
global,127
successful,127
cross,126
grant,126
maintaining,126
candidates,124
end,124
good,124
government,124
requires,124
writers,124
limited,123
make,123
concepts,122
trends,121
bachelor's,120
functions,120
general,120
initiatives,120
policies,120
twitter,120
accurate,119
application,119
sharepoint,119
ng,118
objectives,118
advanced,117
desired,116
publishing,116
clear,115
language,115
reporting,115
seo,115
analysis,114
background,114
format,114
goals,114
presentations,114
requests,114
suite,114
update,113
works,113
consistent,112
instructions,112
order,112
multi,111
year,111
day,110
ideas,110
prepare,110
agency,109
build,109
performance,109
personnel,109
efforts,108
electronic,108
opportunity,108
updates,108
